05.01.2019;Braune/GelbeSack
08.01.2019;Restmuell
15.01.2019;Braune/GelbeSack
22.01.2019;Papier/Restmuell
29.01.2019;Braune/GelbeSack
05.02.2019;Restmuell
12.02.2019;Braune/GelbeSackTest
19.02.2019;Papier/Restmuell
26.02.2019;Braune/GelbeSack
05.03.2019;Restmuell
12.03.2019;Braune/GelbeSack
19.03.2019;Papier/Restmuell
26.03.2019;Braune/GelbeSack
02.04.2019;Restmuell
09.04.2019;Braune/GelbeSack
16.04.2019;Papier/Restmuell
23.04.2019;Braune/GelbeSack
30.04.2019;Restmuell
07.05.2019;Braune/GelbeSack
14.05.2019;Papier/Restmuell
21.05.2019;Braune/GelbeSack
28.05.2019;Restmuell
04.06.2019;Braune/GelbeSack
11.06.2019;Papier/Restmuell
18.06.2019;Braune/GelbeSack
25.06.2019;Restmuell
02.07.2019;Braune/GelbeSack
09.07.2019;Papier/Restmuell
16.07.2019;Braune/GelbeSack
23.07.2019;Restmuell
30.07.2019;Braune/GelbeSack
06.08.2019;Papier/Restmuell
13.08.2019;Braune/GelbeSack
20.08.2019;Restmuell
27.08.2019;Braune/GelbeSack
03.09.2019;Papier/Restmuell
10.09.2019;Braune/GelbeSack
17.09.2019;Restmuell
24.09.2019;Braune/GelbeSack
01.10.2019;Papier/Restmuell
08.10.2019;Braune/GelbeSack
15.10.2019;Restmuell
22.10.2019;Braune/GelbeSack
29.10.2019;Papier/Restmuell
05.11.2019;Braune/GelbeSack
12.11.2019;Restmuell
19.11.2019;Braune/GelbeSack
26.11.2019;Papier/Restmuell
03.12.2019;Braune/GelbeSack
10.12.2019;Restmuell
17.12.2019;Braune/GelbeSack
24.12.2019;Papier/Restmuell
31.12.2019;Braune/GelbeSack
07.01.2020;Restmuell
14.01.2020;Braune/GelbeSack
21.01.2020;Papier/Restmuell
28.01.2020;Braune/GelbeSack
04.02.2020;Restmuell
11.02.2020;Braune/GelbeSack
18.02.2020;Papier/Restmuell
25.02.2020;Braune/GelbeSack
03.03.2020;Restmuell
10.03.2020;Braune/GelbeSack
17.03.2020;Papier/Restmuell
24.03.2020;Braune/GelbeSack
31.03.2020;Restmuell
07.04.2020;Braune/GelbeSack
14.04.2020;Papier/Restmuell
21.04.2020;Braune/GelbeSack
28.04.2020;Restmuell
05.05.2020;Braune/GelbeSack
12.05.2020;Papier/Restmuell
19.05.2020;Braune/GelbeSack
26.05.2020;Restmuell
02.06.2020;Braune/GelbeSack
09.06.2020;Papier/Restmuell
16.06.2020;Braune/GelbeSack
23.06.2020;Restmuell
30.06.2020;Braune/GelbeSack
07.07.2020;Papier/Restmuell
14.07.2020;Braune/GelbeSack
21.07.2020;Restmuell
28.07.2020;Braune/GelbeSack
04.08.2020;Papier/Restmuell
11.08.2020;Braune/GelbeSack
18.08.2020;Restmuell
25.08.2020;Braune/GelbeSack
01.09.2020;Papier/Restmuell
08.09.2020;Braune/GelbeSack
15.09.2020;Restmuell
22.09.2020;Braune/GelbeSack
29.09.2020;Papier/Restmuell
06.10.2020;Braune/GelbeSack
13.10.2020;Restmuell
20.10.2020;Braune/GelbeSack
27.10.2020;Papier/Restmuell
03.11.2020;Braune/GelbeSack
10.11.2020;Restmuell
17.11.2020;Braune/GelbeSack
24.11.2020;Papier/Restmuell
01.12.2020;Braune/GelbeSack
08.12.2020;Restmuell
15.12.2020;Braune/GelbeSack
22.12.2020;Papier/Restmuell
29.12.2020;Braune/GelbeSack
05.01.2021;Restmuell
12.01.2021;Braune/GelbeSack
19.01.2021;Papier/Restmuell
26.01.2021;Braune/GelbeSack
02.02.2021;Restmuell
09.02.2021;Braune/GelbeSack
16.02.2021;Papier/Restmuell
23.02.2021;Braune/GelbeSack
02.03.2021;Restmuell
09.03.2021;Braune/GelbeSack
16.03.2021;Papier/Restmuell
23.03.2021;Braune/GelbeSack
30.03.2021;Restmuell
06.04.2021;Braune/GelbeSack
13.04.2021;Papier/Restmuell
20.04.2021;Braune/GelbeSack
27.04.2021;Restmuell
04.05.2021;Braune/GelbeSack
11.05.2021;Papier/Restmuell
18.05.2021;Braune/GelbeSack
25.05.2021;Restmuell
01.06.2021;Braune/GelbeSack
08.06.2021;Papier/Restmuell
15.06.2021;Braune/GelbeSack
22.06.2021;Restmuell
29.06.2021;Braune/GelbeSack
06.07.2021;Papier/Restmuell
13.07.2021;Braune/GelbeSack
20.07.2021;Restmuell
27.07.2021;Braune/GelbeSack
03.08.2021;Papier/Restmuell
10.08.2021;Braune/GelbeSack
17.08.2021;Restmuell
24.08.2021;Braune/GelbeSack
31.08.2021;Papier/Restmuell
07.09.2021;Braune/GelbeSack
14.09.2021;Restmuell
21.09.2021;Braune/GelbeSack
28.09.2021;Papier/Restmuell
05.10.2021;Braune/GelbeSack
12.10.2021;Restmuell
19.10.2021;Braune/GelbeSack
26.10.2021;Papier/Restmuell
02.11.2021;Braune/GelbeSack
09.11.2021;Restmuell
16.11.2021;Braune/GelbeSack
23.11.2021;Papier/Restmuell
30.11.2021;Braune/GelbeSack
07.12.2021;Restmuell
14.12.2021;Braune/GelbeSack
21.12.2021;Papier/Restmuell
28.12.2021;Braune/GelbeSack
04.01.2022;Restmuell
11.01.2022;Braune/GelbeSack
18.01.2022;Papier/Restmuell
25.01.2022;Braune/GelbeSack
01.02.2022;Restmuell
08.02.2022;Braune/GelbeSack
15.02.2022;Papier/Restmuell
22.02.2022;Braune/GelbeSack
01.03.2022;Restmuell
08.03.2022;Braune/GelbeSack
15.03.2022;Papier/Restmuell
22.03.2022;Braune/GelbeSack
29.03.2022;Restmuell
05.04.2022;Braune/GelbeSack
12.04.2022;Papier/Restmuell
19.04.2022;Braune/GelbeSack
26.04.2022;Restmuell
03.05.2022;Braune/GelbeSack
10.05.2022;Papier/Restmuell
17.05.2022;Braune/GelbeSack
24.05.2022;Restmuell
31.05.2022;Braune/GelbeSack
07.06.2022;Papier/Restmuell
14.06.2022;Braune/GelbeSack
21.06.2022;Restmuell
28.06.2022;Braune/GelbeSack
05.07.2022;Papier/Restmuell
12.07.2022;Braune/GelbeSack
19.07.2022;Restmuell
26.07.2022;Braune/GelbeSack
02.08.2022;Papier/Restmuell
09.08.2022;Braune/GelbeSack
16.08.2022;Restmuell
23.08.2022;Braune/GelbeSack
30.08.2022;Papier/Restmuell
06.09.2022;Braune/GelbeSack
13.09.2022;Restmuell
20.09.2022;Braune/GelbeSack
27.09.2022;Papier/Restmuell
04.10.2022;Braune/GelbeSack
11.10.2022;Restmuell
18.10.2022;Braune/GelbeSack
25.10.2022;Papier/Restmuell
01.11.2022;Braune/GelbeSack
08.11.2022;Restmuell
15.11.2022;Braune/GelbeSack
22.11.2022;Papier/Restmuell
29.11.2022;Braune/GelbeSack
06.12.2022;Restmuell
13.12.2022;Braune/GelbeSack
20.12.2022;Papier/Restmuell
27.12.2022;Braune/GelbeSack
03.01.2023;Restmuell
10.01.2023;Braune/GelbeSack
17.01.2023;Papier/Restmuell
24.01.2023;Braune/GelbeSack
31.01.2023;Restmuell
07.02.2023;Braune/GelbeSack
14.02.2023;Papier/Restmuell
21.02.2023;Braune/GelbeSack
28.02.2023;Restmuell
07.03.2023;Braune/GelbeSack
14.03.2023;Papier/Restmuell
21.03.2023;Braune/GelbeSack
28.03.2023;Restmuell
04.04.2023;Braune/GelbeSack
11.04.2023;Papier/Restmuell
18.04.2023;Braune/GelbeSack
25.04.2023;Restmuell
02.05.2023;Braune/GelbeSack
09.05.2023;Papier/Restmuell
16.05.2023;Braune/GelbeSack
23.05.2023;Restmuell
30.05.2023;Braune/GelbeSack
06.06.2023;Papier/Restmuell
13.06.2023;Braune/GelbeSack
20.06.2023;Restmuell
27.06.2023;Braune/GelbeSack
04.07.2023;Papier/Restmuell
11.07.2023;Braune/GelbeSack
18.07.2023;Restmuell
25.07.2023;Braune/GelbeSack
01.08.2023;Papier/Restmuell
08.08.2023;Braune/GelbeSack
15.08.2023;Restmuell
22.08.2023;Braune/GelbeSack
29.08.2023;Papier/Restmuell
05.09.2023;Braune/GelbeSack
12.09.2023;Restmuell
19.09.2023;Braune/GelbeSack
26.09.2023;Papier/Restmuell
07.10.2023;Braune/GelbeSack
10.10.2023;Restmuell
17.10.2023;Braune/GelbeSack
24.10.2023;Papier/Restmuell
04.11.2023;Braune/GelbeSack
07.11.2023;Restmuell
14.11.2023;Braune/GelbeSack
21.11.2023;Papier/Restmuell
28.11.2023;Braune/GelbeSack
05.12.2023;Restmuell
12.12.2023;Braune/GelbeSack
19.12.2023;Papier/Restmuell
30.12.2023;Braune/GelbeSack
02.01.2024;Restmuell
09.01.2024;Braune/GelbeSack
16.01.2024;Papier/Restmuell
23.01.2024;Braune/GelbeSack
30.01.2024;Restmuell
06.02.2024;Braune/GelbeSack
13.02.2024;Papier/Restmuell
20.02.2024;Braune/GelbeSack
27.02.2024;Restmuell
05.03.2024;Braune/GelbeSack
12.03.2024;Papier/Restmuell
19.03.2024;Braune/GelbeSack
26.03.2024;Restmuell
02.04.2024;Braune/GelbeSack
09.04.2024;Papier/Restmuell
16.04.2024;Braune/GelbeSack
23.04.2024;Restmuell
30.04.2024;Braune/GelbeSack
07.05.2024;Papier/Restmuell
14.05.2024;Braune/GelbeSack
21.05.2024;Restmuell
28.05.2024;Braune/GelbeSack
04.06.2024;Papier/Restmuell
11.06.2024;Braune/GelbeSack
18.06.2024;Restmuell
25.06.2024;Braune/GelbeSack
02.07.2024;Papier/Restmuell
09.07.2024;Braune/GelbeSack
16.07.2024;Restmuell
23.07.2024;Braune/GelbeSack
30.07.2024;Papier/Restmuell
06.08.2024;Braune/GelbeSack
13.08.2024;Restmuell
20.08.2024;Braune/GelbeSack
27.08.2024;Papier/Restmuell
03.09.2024;Braune/GelbeSack
10.09.2024;Restmuell
17.09.2024;Braune/GelbeSack
24.09.2024;Papier/Restmuell
01.10.2024;Braune/GelbeSack
08.10.2024;Restmuell
15.10.2024;Braune/GelbeSack
22.10.2024;Papier/Restmuell
29.10.2024;Braune/GelbeSack
05.11.2024;Restmuell
12.11.2024;Braune/GelbeSack
19.11.2024;Papier/Restmuell
26.11.2024;Braune/GelbeSack
03.12.2024;Restmuell
10.12.2024;Braune/GelbeSack
17.12.2024;Papier/Restmuell
24.12.2024;Braune/GelbeSack
31.12.2024;Restmuell
07.01.2025;Braune/GelbeSack
14.01.2025;Papier/Restmuell
21.01.2025;Braune/GelbeSack
28.01.2025;Restmuell
